Cikkszam;Raktarkeszlet
003L0123;0
003L0124;0
003L0283;0
013G0013;0
013G0014;0
013G4201;0
013G4285;0
013G5140;0
013G5141;0
015102X;0
015103X;0
015104X;0
015105X;0
015106X;0
015214X;0
015215X;0
015216X;0
015322X;0
015324X;0
015326X;0
015327X;0
015705;0
035510;0
035901-B;0
045225;0
045226;0
045255;0
045257;0
045268F;0
052000;0
065000;0
065013;0
070027;0
070070;0
070122X;0
070123X;0
070527;0
070528;0
070529;0
1000001273;0
1000001274;0
1000001840;0
1000003011;0
1000012;0
1000034;0
1000100;0
1000112;0
1000114;0
100018;0
1000200;0
1000212;0
100025;0
1000300;0
100063;0
100094;0
10010001;0
10010002;0
10010003;0
10010004;0
10010005;0
10010006;0
10010017;0
10010018;0
10010019;0
10010038;0
100117;0
100131;0
100148;0
100155;0
10020001;0
10020002;0
10020003;0
10020004;0
10020005;0
10020006;0
10020017;0
10020018;0
10020019;0
10020038;0
100223;0
100254;0
100261;0
100278;0
100285;0
100292;0
10030001;0
10030002;0
10030003;0
10030004;0
10030005;0
10030006;0
10030017;0
10030018;0
10030019;0
10030038;0
100322;0
100353;0
100391;0
10040005;0
100414;0
100445;0
100452;0
100469;0
100476;0
100483;0
100520;0
100551;0
100582;0
100605;0
100612;0
100650;0
100698;0
100704;0
100711;0
100728;0
100773;0
100780;0
100841;0
100889;0
1009226;0
1009230;0
100933;0
100940;0
100964;0
101015;0
101022;0
101039;0
101077;0
101169;0
101176;0
101282;0
101312;0
101336;0
101459;0
101466;0
101497;0
101602;0
101664;0
101749;0
101787;0
1020012;0
1020034;0
1020100;0
1020112;0
1020114;0
102012;0
1020200;0
102067;0
102159;0
102180;0
102210;0
102234;0
102470;0
102500500;0
102550500;0
102650500;0
102661;0
102852;0
102913;0
1030012;0
1030034;0
1030100;0
1030112;0
1030114;0
1030200;0
1030212;0
1030300;0
103088;0
103110500;0
103231;0
103590;0
103798;0
104030;0
104113500;0
104139;0
104481;0
104672;0
104986;0
105396;0
105716;0
105952;0
106812;0
107109;0
10731;0
107857;0
108472;0
108474;0
108633;0
10865;0
108694;0
109219;0
109585;0
11010001;0
11010002;0
11010003;0
11010004;0
11010005;0
11010006;0
11010007;0
11010008;0
11010009;0
11010010;0
113-0010-00;0
113-0019-00;0
113-0023-00;0
113-0047-00;0
11600800;0
11601000;0
11601100;0
11620200;0
11620300;0
12010010;0
12010020;0
12010030;0
12010031;0
12010040;0
12010041;0
12010050;0
12010051;0
12010060;0
12010061;0
12010070;0
12010072;0
12010080;0
12010081;0
12010090;0
12010091;0
12101200;0
12101300;0
12120800;0
1251201;0
1251202;0
12520200;0
1300034G;0
1300100G;0
1300112G;0
1300114G;0
1300200G;0
1372340;0
1372341;0
1372342;0
1372440;0
1372441;0
1372442;0
1373311;0
1374801;0
1376601;0
139940099;0
1400100;0
152950111;0
1552320;0
1552321;0
1552322;0
1552420;0
1552421;0
1552422;0
1553711;0
1554801;0
16-20-26;0
16-20-26-32;0
1610012;0
1610034;0
1610100;0
1610112;0
1610114;0
1610200;0
1620012;0
1620034;0
1620100;0
165-0027-00;0
165-0027-05;0
1717501;0
1718711;0
1718911;0
1718914;0
1772390;0
1772391;0
1772392;0
1772393;0
1772437;0
1772490;0
1772491;0
1772492;0
1772493;0
1772892;0
1773381;0
1778326;0
1778341;0
1778641;0
17B1901009;0
17B1902009;0
17B1903009;0
17B1904009;0
17B2504004;0
17B2505004;0
17B2506004;0
17B3152004;0
17B5002004;0
17B5003004;0
17B6003004;0
20317291;0
20317332;0
2206-85;0
2401102;0
2401111;0
25480000001;0
25480000802;0
276;0
285357;0
2896201620300;0
2896202020300;0
305611;0
306720;0
306721;0
31100500;0
31100600;0
31100900;0
31101000;0
31620100;0
31620200;0
3600012;0
3600034;0
360045161;0
360055161;0
360061161;0
360109161;0
360557161;0
360771161;0
360779163;0
361045161;0
361055161;0
361061161;0
361065161;0
361088161;0
361109161;0
361112161;0
361162161;0
361557161;0
361558161;0
361700161;0
361750161;0
361771161;0
361776161;0
361779163;0
363045161;0
363055161;0
363080161;0
363088161;0
363558161;0
363561161;0
363771161;0
363776161;0
364045161;0
364088161;0
364109161;0
364112161;0
364120161;0
364162161;0
364558161;0
364561161;0
364565161;0
364566161;0
364700161;0
364771161;0
364776161;0
364779163;0
365045161;0
365088161;0
365112161;0
365125161;0
365561161;0
365566161;0
365571161;0
365771161;0
365776161;0
365779163;0
366045161;0
366088161;0
366115161;0
366120161;0
366130161;0
366576161;0
366700161;0
366771161;0
366776161;0
366887161;0
367045161;0
367055161;0
367088161;0
367112161;0
367120161;0
367125161;0
367135161;0
367162161;0
367163161;0
367185161;0
367451161;0
367561161;0
367566161;0
367571161;0
367576161;0
367581161;0
367700161;0
367750161;0
367771161;0
367776161;0
367779163;0
368045161;0
368088161;0
368120161;0
368125161;0
368135161;0
368139161;0
368162161;0
368185161;0
368451161;0
368581161;0
368585161;0
368586161;0
368771161;0
368776161;0
368779163;0
368812161;0
369045161;0
369088161;0
369135161;0
369139161;0
369145161;0
369451161;0
369586161;0
369588161;0
369771161;0
370045161;0
370055161;0
370135161;0
370587165;0
370594165;0
370775161;0
379055161;0
39001550001;0
39501;0
39521550801;0
399MLE8027;0
40-50-63-RH;0
4243-211115;0
4243-211215;0
4243-211218;0
4243-211222;0
4243-211315;0
4243-211318;0
4243-211322;0
4243-211328;0
4243-211422;0
4243-211428;0
4243-211528;0
4243-211535;0
4243-211542;0
4243-211635;0
4243-211642;0
4243-211754;0
4270-231115;0
4270-231215;0
4270-231218;0
4270-231222;0
4270-231315;0
4270-231318;0
4270-231322;0
4270-231422;0
4270-231428;0
4270-231528;0
4270-231535;0
4270-231642;0
428204;0
428206;0
428804;0
429203;0
429204;0
429206;0
429804;0
445503;0
445504;0
445505;0
445506;0
445507;0
445508;0
4472-204215;0
4472-204218;0
4472-204322;0
49017050;0
49017055;0
49017059;0
49031701;0
49045030;0
49045040;0
49045041;0
49045042;0
49045052;0
49045062;0
49045072;0
499104;0
5001A015000000;0
5001A018000000;0
5001A022000000;0
5001A028000000;0
5001A035000000;0
5002A015000000;0
5002A018000000;0
5002A022000000;0
5002A028000000;0
5002A035000000;0
50100670;0
503205;0
503210;0
503265;0
503270;0
504;0
5040015000000;0
5040018000000;0
5040022000000;0
5040028000000;0
5040035000000;0
5040042000000;0
5040054000000;0
5041015000000;0
5041018000000;0
5041022000000;0
5041028000000;0
5041035000000;0
5041042000000;0
505;0
506;0
507205;0
507265;0
507270;0
5085015000000;0
5085018000000;0
5085022000000;0
5086015000000;0
5086018000000;0
5086022000000;0
5090015000000;0
5090018000000;0
5090022000000;0
5090028000000;0
5090035000000;0
5090042000000;0
5090054000000;0
5092015000000;0
5092018000000;0
5092022000000;0
5092028000000;0
5092035000000;0
5092042000000;0
5092054000000;0
51020100;0
51020300;0
512;0
5130015015015;0
5130015022015;0
5130018015015;0
5130018015018;0
5130018018015;0
5130018018018;0
5130022015015;0
5130022015018;0
5130022015022;0
5130022018018;0
5130022018022;0
5130022022015;0
5130022022018;0
5130022022022;0
5130022028022;0
5130028015022;0
5130028015028;0
5130028018018;0
5130028018028;0
5130028022015;0
5130028022018;0
5130028022022;0
5130028022028;0
5130028028022;0
5130028028028;0
5130035018035;0
5130035022035;0
5130035028035;0
5130035035035;0
5130042022042;0
5130042042042;0
5130054054054;0
514;0
515;0
523;0
5240018015000;0
5240022015000;0
5240022018000;0
5240028015000;0
5240028018000;0
5240028022000;0
5240035022000;0
5240035028000;0
5240042035000;0
5243018015000;0
5243022015000;0
5243022018000;0
5243028018000;0
5243028022000;0
5243035015000;0
5243035018000;0
5243035022000;0
5243035028000;0
5243042028000;0
5243042035000;0
527;0
5270015000000;0
5270018000000;0
5270022000000;0
5270028000000;0
5270035000000;0
5270042000000;0
5270054000000;0
5301015000000;0
5301018000000;0
5301022000000;0
5301028000000;0
570110;0
570120;0
570130;0
570140;0
570460;0
570470;0
570475;0
572111;0
5816;0
60120000011;0
60120000012;0
60120000013;0
60120000014;0
6600;0
66001100;0
6901-64;0
6902-64;0
6911;0
714;0
7719001677;0
7719001780;0
800-110;0
82811500001;0
82811500005;0
82821500001;0
82821500005;0
854185;0
854187;0
90381590701;0
90381590704;0
90481500521;0
90481500522;0
90481500900;0
90481570521;0
90481570522;0
90481570900;0
92160400159;0
92160400160;0
99990001001;0
99990002001;0
99990003001;0
99990004001;0
9999000500;0
99990005001;0
99990007001;0
99990008001;0
9999000900;0
9999001800;0
9999002000;0
9999002100;0
99990021001;0
9999002200;0
9999002300;0
9999002400;0
9999002500;0
9999002600;0
99990026001;0
9999002700;0
99990027001;0
9999002800;0
99990028001;0
9999003100;0
9999003300;0
9999003400;0
9999004000;0
9999004200;0
9999004300;0
9999004500;0
9999004600;0
99990046001;0
9999004700;0
99990047001;0
9999004800;0
99990053001;0
99990054001;0
99990055001;0
99990058001;0
9999006300;0
9999007200;0
9999007400;0
9999007600;0
9999008600;0
9999009900;0
9999011000;0
9999012700;0
9999014600;0
9999014800;0
9999017600;0
9999025700;0
9999025800;0
BWSTSS-TOP;0
C31ARPF;0
CA3V0132;0
CVDAX128;0
CVDTAX001;0
CVDTAX002;0
D04FM-1-2A;0
D04FM-3-4A;0
DUOTECCME124;0
DUOTECCME24;0
DUOTECCME28;0
DUOTECHMP1110P;0
DUOTECHMP150P;0
DUOTECHMP160P;0
DUOTECHMP170P;0
DUOTECHMP190P;0
E-1641;0
E-1641E;0
E-3230F;0
E-3231;0
E-3235F;0
E-3236;0
E-3326;0
E-5012FPL-02;0
E-5100;0
E-5100-3326;0
E-5102;0
E-5112;0
E-5113;0
E-5223;0
E-5225;0
E-A50250;0
E-A50550;0
ECO5BLUE24;0
EF03373000;0
EF04242600;0
EF04832600;0
EF06032900;0
EF07612900;0
EF08893600;0
EF10803600;0
F-000009;0
F-21512P;0
F-21534P;0
F-21812P;0
F-21834P;0
F-22212P;0
F-22234P;0
F-31512P;0
F-31534P;0
F-31538P;0
F-31812P;0
F-3181P;0
F-31834P;0
F-32212P;0
F-3221P;0
F-32234P;0
F-328114P;0
F-HIDVALTO-25048;0
F-HIDVALTO-25066;0
F09006;0
F09007;0
F09009;0
F09206;0
F2482;0
F2483;0
F31006;0
F76S-11-2AA;0
F76S-2AA;0
FF06-11-4AA;0
FLXCCB1W;0
FLXCCB5;0
FLXCCB6;0
FLXCCB6P;0
FLXCCB9P;0
FLXCCS3W;0
FLXCCS6;0
FLXCCS6P;0
FLXCCS9P;0
HC1LWM;0
HC25;0
HC252570B;0
HC252588B;0
HC26CP;0
HC2PO;0
HC2PO40;0
HC30;0
HC31CP;0
HC31CPB;0
HC31MS1;0
HC31MS2;0
HC36;0
HC36SWCCON3;0
HC37SWCCON2;0
HC37WCCON5;0
HC39WCCON7A;0
HC41;0
HC4PF;0
HC4PF32L;0
HC740;0
HC7S;0
HC9;0
HIDVALTO-32072;0
HL0300-6E;0
HL0317-1E;0
HL037N-1E;0
HL037N-2E;0
HL037PR-1E;0
HL062-1E;0
HL062B-2E;0
HL062B-3E;0
HL080-5E;0
HL12-4;0
HL132-1-30;0
HL136N;0
HL137-30;0
HL19;0
HL2;0
HL2-0;0
HL200-1;0
HL201-1;0
HL203-1;0
HL21;0
HL210-WE;0
HL300;0
HL3020;0
HL304;0
HL310N;0
HL3120;0
HL340N;0
HL37N;0
HL4000-0;0
HL4000-2;0
HL405;0
HL405ECO;0
HL406;0
HL42-B;0
HL42-R;0
HL420;0
HL43-B;0
HL43-R;0
HL430-50;0
HL440;0
HL45;0
HL500-5-4;0
HL5100PR;0
HL510N;0
HL514;0
HL514-SN;0
HL600N;0
HL616HSW-1;0
HL620;0
HL621;0
HL62P-1;0
HL66-9;0
HL71;0
HL71G;0
HL80;0
HL80-1;0
HL800-125;0
HL800-160;0
HL801V-40-52;0
HL807-1;0
HL83;0
HL83-H;0
HL83-M;0
HL8300;0
HL8300-M;0
HL90;0
HL90-2;0
HL900N;0
HL900NECO;0
HL904;0
HV-D05FS-1-2ZA;0
HV-D05FS-1ZA;0
HV-D05FS-3-4ZA;0
HV-FF06-1-2AA;0
HV-FF06-1AA;0
HV-FF06-3-4AA;0
HV-FK06-1-2AA;0
HV-FK06-11-4AA;0
HV-FK06-1AA;0
HV-FK06-3-4AA;0
I-060154403PE0CR;0
I-060224403PE0CR;0
I04158;0
I04159;0
I04292;0
K-25D1151100CAAB;0
K-25D1251100CAP0;0
K-25D1251100MAP0;0
KIT-BOX;0
KSZ0320220;0
KSZ0320260;0
KSZ0420260;0
KSZ0420320;0
KSZ0480260;0
KSZ0480320;0
KSZ0480420;0
KSZ0600260;0
KSZ0600320;0
KSZ0600420;0
KSZ0600480;0
KSZ0760320;0
KSZ0760420;0
KSZ0760480;0
KSZ0760600;0
KSZ0890420;0
KSZ0890480;0
KSZ0890600;0
KSZ0890760;0
KSZ1080600;0
KSZ1080760;0
KSZ1080890;0
LEF-320-X-N;0
LEF-324-S;0
LEF-325-C;0
LEF-325-C-S;0
LEF-325-D;0
LEF-325-D-S;0
LEF-326-X-N;0
LEF-328;0
LEF-413;0
LEF-727-S-LI;0
LEF-CH-350-K-1;0
LEF-CH-350-M-1;0
LEF-CH-450-K-1;0
LEF-CH-450-M-1;0
LEF-CH-650-K-1;0
LEF-CH-650-M-1;0
LEF-CH-650-S;0
LEF-CH-750-K-1;0
LEF-CH-750-M-1;0
LEF-CH-750-S;0
LEF-CH-850-K-1;0
LEF-CH-850-K-3;0
LEF-CH-850-M-1;0
LUNADUOTECE112;0
LUNADUOTECE124;0
LUNADUOTECE128;0
LUNADUOTECE24;0
LUNADUOTECE28;0
LUNADUOTECE33;0
LUNADUOTECE40;0
MA63004BB;0
MA63006BB;0
MA63010BB;0
MR63004BB;0
MR63006BB;0
MR63010BB;0
MR80004BL;0
MRMF205;0
MTS-FOR-VALVES;0
NUVDUOTEC16P;0
NUVDUOTEC24P;0
NUVPLATINUM24P;0
NUVPLATINUM33P;0
PI088932090;0
PI108036090;0
PI114036090;0
R146IY005;0
R146IY006;0
R146IY007;0
R146IY008;0
R16X033;0
R17X033;0
R29X034;0
R31X034;0
R401X034;0
R401X035;0
R401X133;0
R402X034;0
R402X035;0
R402X133;0
R411X034;0
R412X034;0
R431X034;0
R5X033;0
R5X035;0
R6X033;0
R706X013;0
SFA21-18;0
SKOE02520E;0
SSB31;0
SSC31;0
SUA21-3;0
SZ-CARGENTS;0
SZ-CARTPP01;0
SZ-CFP00715;0
SZ-CFP00716;0
SZ-CFP00718;0
SZ-CFP00720;0
SZ-CFP00721;0
SZ-CFP00722;0
SZ-CFP00726;0
SZ-CFP05CAR-5;0
SZ-CFP0N737;0
SZ-CFPSTAF2;0
SZ-DBLUB00S;0
SZ-ECA90140;0
SZ-POLPHORA;0
SZM02025;0
TA1012005;0
TA1012010;0
TA4008003;0
TA6312005;0
TA6312010;0
TA6350030;0
TA8012005;0
TA8012015;0
TEE54B1;0
TI80004PA;0
TI80004PR;0
TI80006PA;0
TM200-3-4E;0
TR8012005;0
TR8012010;0
V135-1B;0
V135-3-4B;0
V4043H1122;0
VC4013ZZ11-U;0
VC4613ZZ11-U;0
VC6013ZZ00;0
VCS541100;0
VCS54560;0
VCS54760;0
VCZAH1100-U;0
VCZAJ1100-U;0
VCZAP1100-U;0
VCZAQ1100-U;0
VCZMG6100-U;0
VCZMH6100-U;0
VCZMP6100-U;0
VCZMQ6100-U;0
VVI46-25;0
VVI46-25-SUA21-3;0
VXP45-25-10;0
VXP45-25-6-3;0
VXP45-32-16;0
VZZS1;0
WCCON4;0
WCF23P;0
WCF23R;0
Y150006131;0
Y150007131;0
Y150008131;0
Y150010131;0
Y150011131;0
