Cikkszam;Raktarkeszlet
015102X;0
015103X;0
015104X;0
015105X;0
015106X;0
015214X;0
015215X;0
015216X;0
015322X;0
015324X;0
015326X;0
015327X;0
015705;0
052000;0
065000;0
065013;0
070027;0
070070;0
070122X;0
070123X;0
070527;0
070528;0
070529;0
1000001273;0
1000001274;0
1000001840;0
1000003011;0
16-20-26;0
16-20-26-32;0
2206-85;0
40-50-63-RH;0
445503;0
445504;0
445505;0
445506;0
445507;0
445508;0
570110;0
570120;0
570130;0
570140;0
570460;0
570470;0
570475;0
572111;0
9999000500;0
9999000900;0
9999001800;0
9999002100;0
9999002600;0
9999002700;0
9999002800;0
9999003100;0
9999003400;0
9999004600;0
9999004700;0
9999007200;0
9999007400;0
9999007600;0
9999008600;0
9999009900;0
9999011000;0
9999012700;0
9999014600;0
9999014800;0
9999017600;0
9999025700;0
9999025800;0
CA3V0132;0
DUOTECCME124;0
DUOTECCME24;0
DUOTECCME28;0
DUOTECHMP1110P;0
DUOTECHMP150P;0
DUOTECHMP160P;0
DUOTECHMP170P;0
DUOTECHMP190P;0
ECO5BLUE24;0
F76S-11-2AA;0
F76S-2AA;0
FF06-11-4AA;0
HV-FF06-1-2AA;0
HV-FF06-1AA;0
HV-FF06-3-4AA;0
HV-FK06-1-2AA;0
HV-FK06-11-4AA;0
HV-FK06-1AA;0
HV-FK06-3-4AA;0
KIT-BOX;0
LUNADUOTECE112;0
LUNADUOTECE124;0
LUNADUOTECE128;0
LUNADUOTECE24;0
LUNADUOTECE28;0
LUNADUOTECE33;0
LUNADUOTECE40;0
NUVDUOTEC16P;0
NUVDUOTEC24P;0
NUVPLATINUM24P;0
NUVPLATINUM33P;0
SZ-CARGENTS;0
SZ-CARTPP01;0
SZ-CFP00715;0
SZ-CFP00716;0
SZ-CFP00718;0
SZ-CFP00720;0
SZ-CFP00721;0
SZ-CFP00722;0
SZ-CFP00726;0
SZ-CFP05CAR-5;0
SZ-CFP0N737;0
SZ-CFPSTAF2;0
SZ-DBLUB00S;0
SZ-ECA90140;0
SZ-POLPHORA;0
